id,patient_id,doctor_id,appointment_date,appointment_time,reason
1,158,7,2026-10-28,08:00,Blood Pressure Check
2,136,2,2026-10-01,09:00,Fever
3,33,5,2026-09-24,12:00,Follow-up
4,196,1,2026-02-16,10:00,Routine Checkup
5,348,10,2026-02-11,10:00,Blood Pressure Check
6,217,19,2026-01-24,16:00,Fever
7,239,18,2026-04-06,08:00,Diabetes Check
8,530,4,2026-09-07,10:00,Cough
9,309,8,2026-08-20,09:00,General Examination
10,352,16,2026-05-06,09:00,Cough
11,215,17,2026-09-14,08:00,Malaria Symptoms
12,536,10,2026-11-02,15:00,Malaria Symptoms
13,541,4,2026-11-23,12:00,Skin Problem
14,171,7,2026-10-06,08:00,Back Pain
15,51,9,2026-10-20,15:00,Diabetes Check
16,308,5,2026-04-05,15:00,Cough
17,108,9,2026-11-04,09:00,Skin Problem
18,405,6,2026-01-17,08:00,Headache
19,99,20,2026-10-08,11:00,Headache
20,148,14,2026-07-12,11:00,Routine Checkup
21,119,5,2026-02-24,11:00,Routine Checkup
22,170,2,2026-08-07,09:00,Blood Pressure Check
23,88,6,2026-04-25,10:00,Routine Checkup
24,224,18,2026-03-05,11:00,Blood Pressure Check
25,111,11,2026-12-05,11:00,Routine Checkup
26,131,13,2026-11-19,11:00,Headache
27,208,1,2026-03-25,15:00,Headache
28,443,14,2026-08-09,16:00,Blood Pressure Check
29,252,4,2026-03-08,09:00,Medical Consultation
30,462,10,2026-12-21,11:00,General Examination
31,166,2,2026-03-10,08:00,Diabetes Check
32,111,13,2026-05-06,11:00,General Examination
33,109,2,2026-11-01,15:00,Fever
34,41,16,2026-07-07,09:00,Headache
35,9,19,2026-11-30,09:00,Medical Consultation
36,93,5,2026-06-20,10:00,Stomach Pain
37,440,19,2026-11-27,08:00,General Examination
38,417,8,2026-07-09,14:00,Malaria Symptoms
39,306,9,2026-04-23,11:00,Diabetes Check
40,188,2,2026-08-15,16:00,Blood Pressure Check
41,456,15,2026-09-24,09:00,Skin Problem
42,357,15,2026-06-15,09:00,Routine Checkup
43,321,11,2026-03-01,15:00,Stomach Pain
44,166,11,2026-08-11,12:00,Follow-up
45,236,2,2026-01-06,09:00,Fever
46,195,13,2026-08-19,11:00,Stomach Pain
47,172,5,2026-10-20,10:00,General Examination
48,256,11,2026-04-09,09:00,Headache
49,378,3,2026-04-06,10:00,Follow-up
50,479,18,2026-03-26,08:00,Diabetes Check
51,146,9,2026-02-25,09:00,Diabetes Check
52,316,16,2026-10-18,09:00,Headache
53,436,8,2026-01-09,14:00,Malaria Symptoms
54,510,14,2026-06-08,12:00,Skin Problem
55,542,17,2026-04-18,10:00,Headache
56,75,2,2026-05-27,15:00,Skin Problem
57,207,11,2026-11-05,09:00,Routine Checkup
58,232,6,2026-05-01,14:00,Diabetes Check
59,75,5,2026-10-26,16:00,Malaria Symptoms
60,277,7,2026-02-09,15:00,Fever
61,383,13,2026-09-17,11:00,Headache
62,255,12,2026-07-21,08:00,Skin Problem
63,35,16,2026-07-08,11:00,Malaria Symptoms
64,17,9,2026-07-07,11:00,Follow-up
65,104,7,2026-02-16,15:00,Skin Problem
66,350,11,2026-04-08,10:00,Routine Checkup
67,528,10,2026-04-29,09:00,Headache
68,226,8,2026-08-05,10:00,Stomach Pain
69,534,20,2026-04-25,11:00,Routine Checkup
70,443,2,2026-05-05,12:00,Stomach Pain
71,284,1,2026-01-15,10:00,Routine Checkup
72,117,3,2026-12-17,15:00,Follow-up
73,203,19,2026-05-14,14:00,Skin Problem
74,453,19,2026-03-30,09:00,General Examination
75,219,14,2026-07-29,16:00,Diabetes Check
76,132,15,2026-11-12,12:00,Blood Pressure Check
77,43,4,2026-03-06,09:00,Diabetes Check
78,164,17,2026-04-28,12:00,Routine Checkup
79,396,6,2026-10-24,10:00,Malaria Symptoms
80,54,1,2026-12-15,12:00,Back Pain
81,236,14,2026-12-14,08:00,Medical Consultation
82,378,18,2026-06-06,08:00,Routine Checkup
83,359,7,2026-11-09,14:00,Headache
84,21,11,2026-03-26,08:00,Skin Problem
85,542,11,2026-07-15,10:00,Fever
86,304,9,2026-07-31,10:00,Cough
87,49,14,2026-09-14,16:00,Headache
88,153,9,2026-08-09,14:00,Follow-up
89,388,18,2026-04-09,09:00,Blood Pressure Check
90,496,16,2026-04-30,16:00,Medical Consultation
91,133,3,2026-12-29,11:00,Cough
92,143,20,2026-04-17,10:00,Medical Consultation
93,252,2,2026-08-07,16:00,Blood Pressure Check
94,243,17,2026-01-05,09:00,Malaria Symptoms
95,12,15,2026-06-29,08:00,Malaria Symptoms
96,113,6,2026-06-26,12:00,Follow-up
97,237,16,2026-12-20,15:00,Skin Problem
98,235,14,2026-01-17,09:00,Medical Consultation
99,134,16,2026-11-09,15:00,Medical Consultation
100,355,10,2026-01-15,09:00,Diabetes Check
101,63,18,2026-06-21,09:00,Blood Pressure Check
102,261,1,2026-06-09,15:00,Fever
103,37,7,2026-01-08,10:00,Blood Pressure Check
104,509,4,2026-01-06,11:00,Skin Problem
105,449,10,2026-01-26,08:00,Headache
106,353,12,2026-04-02,09:00,Blood Pressure Check
107,475,17,2026-09-20,14:00,Malaria Symptoms
108,211,18,2026-04-01,16:00,Skin Problem
109,181,18,2026-08-10,15:00,Malaria Symptoms
110,380,18,2026-05-13,14:00,Fever
111,457,15,2026-09-13,16:00,Back Pain
112,467,4,2026-06-24,12:00,Malaria Symptoms
113,310,1,2026-02-23,10:00,General Examination
114,104,13,2026-12-07,12:00,Back Pain
115,321,11,2026-11-30,12:00,Medical Consultation
116,198,12,2026-08-12,16:00,Malaria Symptoms
117,286,17,2026-05-16,09:00,Cough
118,70,15,2026-08-08,11:00,Stomach Pain
119,182,6,2026-10-28,08:00,General Examination
120,123,12,2026-10-03,08:00,General Examination
121,150,1,2026-11-10,16:00,Stomach Pain
122,174,1,2026-01-22,09:00,Skin Problem
123,185,17,2026-06-13,15:00,Routine Checkup
124,265,10,2026-07-27,15:00,Headache
125,53,15,2026-09-12,11:00,Medical Consultation
126,244,16,2026-07-28,08:00,Cough
127,274,7,2026-06-25,09:00,Routine Checkup
128,542,12,2026-01-19,11:00,Headache
129,174,17,2026-12-18,16:00,Blood Pressure Check
130,207,3,2026-08-17,14:00,Follow-up
131,60,10,2026-04-13,16:00,Fever
132,463,19,2026-12-27,16:00,Headache
133,482,18,2026-07-25,10:00,Blood Pressure Check
134,543,17,2026-04-01,16:00,Diabetes Check
135,23,11,2026-06-26,10:00,General Examination
136,245,14,2026-11-12,08:00,Malaria Symptoms
137,132,7,2026-09-06,08:00,Blood Pressure Check
138,164,7,2026-07-21,15:00,Skin Problem
139,195,13,2026-11-02,16:00,General Examination
140,343,17,2026-06-09,15:00,Headache
141,244,5,2026-06-27,16:00,Blood Pressure Check
142,442,8,2026-05-03,11:00,Cough
143,370,6,2026-04-24,16:00,Medical Consultation
144,274,19,2026-12-14,12:00,Stomach Pain
145,328,9,2026-11-19,14:00,Routine Checkup
146,134,16,2026-06-28,12:00,Skin Problem
147,476,20,2026-04-18,08:00,Stomach Pain
148,457,14,2026-01-18,14:00,Cough
149,159,12,2026-05-08,14:00,Skin Problem
150,295,13,2026-08-30,15:00,Medical Consultation
151,385,14,2026-05-19,12:00,General Examination
152,205,19,2026-07-29,12:00,Blood Pressure Check
153,12,2,2026-01-13,15:00,Back Pain
154,166,13,2026-02-06,08:00,Back Pain
155,194,19,2026-08-10,15:00,Fever
156,414,19,2026-07-28,12:00,Medical Consultation
157,291,7,2026-12-13,09:00,Skin Problem
158,358,14,2026-03-01,10:00,Diabetes Check
159,322,1,2026-09-08,14:00,Medical Consultation
160,340,7,2026-08-12,11:00,Diabetes Check
161,185,2,2026-12-21,09:00,Diabetes Check
162,270,12,2026-06-25,09:00,Cough
163,419,4,2026-06-05,15:00,Cough
164,365,20,2026-12-10,11:00,Malaria Symptoms
165,101,10,2026-01-07,10:00,Back Pain
166,55,15,2026-06-06,14:00,Cough
167,490,12,2026-02-12,09:00,General Examination
168,375,12,2026-07-04,12:00,Headache
169,488,12,2026-03-07,09:00,Malaria Symptoms
170,282,9,2026-10-03,16:00,Headache
171,521,12,2026-09-23,16:00,General Examination
172,252,11,2026-08-31,11:00,Back Pain
173,293,6,2026-10-21,12:00,Headache
174,206,12,2026-10-01,16:00,Cough
175,194,19,2026-10-04,15:00,Back Pain
176,399,6,2026-10-22,15:00,Back Pain
177,469,1,2026-01-15,10:00,Routine Checkup
178,145,12,2026-04-15,10:00,Fever
179,348,18,2026-12-29,10:00,Blood Pressure Check
180,501,18,2026-05-11,12:00,Headache
181,84,4,2026-09-21,11:00,Back Pain
182,530,18,2026-06-08,11:00,Diabetes Check
183,55,14,2026-06-08,11:00,Headache
184,466,9,2026-04-01,15:00,Blood Pressure Check
185,221,12,2026-11-15,12:00,Follow-up
186,43,5,2026-12-10,10:00,Stomach Pain
187,469,7,2026-10-04,14:00,Malaria Symptoms
188,492,18,2026-01-20,08:00,Malaria Symptoms
189,160,8,2026-07-07,12:00,Skin Problem
190,116,10,2026-04-09,10:00,Diabetes Check
191,278,6,2026-03-25,08:00,General Examination
192,457,6,2026-02-17,10:00,Stomach Pain
193,277,9,2026-10-24,08:00,Fever
194,438,16,2026-10-03,14:00,General Examination
195,158,19,2026-06-03,16:00,Malaria Symptoms
196,377,5,2026-02-26,15:00,Follow-up
197,18,15,2026-11-17,14:00,Medical Consultation
198,395,1,2026-10-26,11:00,Headache
199,63,17,2026-09-05,14:00,Stomach Pain
200,200,17,2026-01-24,15:00,Medical Consultation
201,38,7,2026-12-16,12:00,Stomach Pain
202,39,4,2026-04-15,10:00,Cough
203,68,5,2026-12-26,12:00,Follow-up
204,412,14,2026-05-21,16:00,Stomach Pain
205,440,17,2026-01-23,12:00,Routine Checkup
206,293,18,2026-04-05,15:00,Diabetes Check
207,393,12,2026-03-07,12:00,Blood Pressure Check
208,59,3,2026-09-11,09:00,Malaria Symptoms
209,359,1,2026-03-24,08:00,Routine Checkup
210,435,1,2026-02-10,11:00,Stomach Pain
211,255,13,2026-10-30,16:00,Cough
212,93,13,2026-12-19,12:00,Malaria Symptoms
213,85,11,2026-02-20,11:00,Malaria Symptoms
214,299,19,2026-06-12,16:00,Headache
215,158,8,2026-01-09,09:00,Blood Pressure Check
216,261,15,2026-06-13,08:00,Skin Problem
217,496,9,2026-11-30,09:00,General Examination
218,420,7,2026-09-28,16:00,Routine Checkup
219,233,3,2026-02-16,15:00,Routine Checkup
220,540,11,2026-07-15,12:00,Skin Problem
221,80,6,2026-07-31,16:00,Back Pain
222,149,3,2026-07-16,12:00,Cough
223,506,11,2026-11-22,12:00,Stomach Pain
224,534,16,2026-10-02,09:00,Diabetes Check
225,200,14,2026-02-25,15:00,Routine Checkup
226,385,8,2026-09-20,12:00,Headache
227,143,12,2026-06-21,15:00,Follow-up
228,234,18,2026-07-23,10:00,General Examination
229,256,12,2026-07-30,15:00,Headache
230,139,5,2026-11-05,16:00,Headache
231,193,13,2026-02-11,16:00,Skin Problem
232,545,1,2026-07-05,09:00,Diabetes Check
233,312,17,2026-05-08,09:00,Diabetes Check
234,534,10,2026-11-25,12:00,Malaria Symptoms
235,4,10,2026-08-06,10:00,Headache
236,56,5,2026-11-27,11:00,Headache
237,17,2,2026-11-12,15:00,Skin Problem
238,156,16,2026-11-16,12:00,Routine Checkup
239,429,8,2026-03-05,14:00,Skin Problem
240,119,13,2026-07-16,11:00,Skin Problem
241,36,5,2026-08-14,15:00,Medical Consultation
242,308,13,2026-03-08,08:00,Routine Checkup
243,4,13,2026-09-24,16:00,General Examination
244,268,5,2026-04-19,09:00,General Examination
245,133,20,2026-05-15,10:00,Skin Problem
246,427,1,2026-10-12,11:00,Diabetes Check
247,141,4,2026-09-05,14:00,Stomach Pain
248,370,4,2026-08-27,12:00,Follow-up
249,144,2,2026-10-26,12:00,Stomach Pain
250,469,1,2026-12-23,10:00,Headache
251,133,18,2026-06-18,09:00,Malaria Symptoms
252,18,9,2026-12-07,09:00,Cough
253,300,9,2026-02-22,15:00,Skin Problem
254,422,10,2026-07-11,08:00,Routine Checkup
255,211,5,2026-03-09,14:00,Routine Checkup
256,105,10,2026-10-26,15:00,Routine Checkup
257,274,2,2026-02-20,16:00,Stomach Pain
258,202,18,2026-12-01,15:00,Blood Pressure Check
259,173,2,2026-07-30,09:00,Diabetes Check
260,111,2,2026-02-13,11:00,Follow-up
261,330,14,2026-05-10,12:00,Routine Checkup
262,537,18,2026-01-04,16:00,Headache
263,56,20,2026-01-23,16:00,Blood Pressure Check
264,525,12,2026-04-24,12:00,Stomach Pain
265,238,12,2026-03-20,15:00,Back Pain
266,425,15,2026-08-22,14:00,Diabetes Check
267,10,9,2026-09-22,16:00,Malaria Symptoms
268,534,13,2026-10-17,09:00,Stomach Pain
269,339,18,2026-02-23,11:00,General Examination
270,472,10,2026-08-05,12:00,Back Pain
271,546,20,2026-01-18,09:00,Follow-up
272,314,14,2026-01-26,11:00,Malaria Symptoms
273,120,11,2026-01-01,14:00,Headache
274,424,6,2026-01-30,15:00,Headache
275,525,12,2026-05-13,12:00,Cough
276,518,9,2026-07-29,14:00,Diabetes Check
277,366,18,2026-09-30,08:00,Fever
278,49,11,2026-10-18,09:00,Fever
279,519,17,2026-04-29,14:00,Routine Checkup
280,199,15,2026-03-08,15:00,Fever
281,412,11,2026-09-14,09:00,Stomach Pain
282,362,11,2026-06-07,09:00,Headache
283,153,17,2026-11-03,11:00,Back Pain
284,151,3,2026-10-17,12:00,General Examination
285,341,19,2026-01-03,12:00,Stomach Pain
286,519,11,2026-10-03,15:00,Malaria Symptoms
287,199,7,2026-08-30,15:00,Fever
288,330,18,2026-11-02,12:00,Routine Checkup
289,22,16,2026-10-30,12:00,Blood Pressure Check
290,346,19,2026-09-13,15:00,Stomach Pain
291,537,17,2026-06-29,11:00,General Examination
292,172,4,2026-05-25,15:00,Headache
293,421,11,2026-07-13,14:00,Fever
294,116,12,2026-03-30,09:00,Malaria Symptoms
295,327,2,2026-06-08,08:00,Back Pain
296,511,13,2026-01-26,10:00,Stomach Pain
297,125,18,2026-06-09,09:00,Fever
298,517,12,2026-02-23,11:00,Medical Consultation
299,189,18,2026-12-06,10:00,Blood Pressure Check
300,527,10,2026-06-04,09:00,Headache
301,448,5,2026-04-07,15:00,Follow-up
302,111,11,2026-01-04,16:00,Cough
303,367,20,2026-02-22,12:00,Diabetes Check
304,346,1,2026-04-06,15:00,Malaria Symptoms
305,459,11,2026-08-31,11:00,General Examination
306,388,9,2026-12-22,10:00,Medical Consultation
307,102,13,2026-09-19,08:00,Follow-up
308,130,17,2026-05-08,09:00,Back Pain
309,518,16,2026-03-21,08:00,Cough
310,547,15,2026-12-14,10:00,Cough
311,321,1,2026-01-19,12:00,General Examination
312,50,11,2026-01-20,14:00,General Examination
313,130,17,2026-03-11,15:00,Medical Consultation
314,204,1,2026-12-25,16:00,Skin Problem
315,454,18,2026-06-03,08:00,Malaria Symptoms
316,269,20,2026-01-02,12:00,Cough
317,288,17,2026-12-06,08:00,Back Pain
318,92,12,2026-01-26,11:00,Malaria Symptoms
319,172,19,2026-09-24,10:00,Back Pain
320,177,16,2026-08-09,08:00,Diabetes Check
321,535,4,2026-12-03,14:00,Stomach Pain
322,74,12,2026-07-19,09:00,Follow-up
323,213,1,2026-10-24,11:00,Stomach Pain
324,535,4,2026-09-01,09:00,Headache
325,484,7,2026-11-17,11:00,Stomach Pain
326,454,16,2026-01-24,09:00,Blood Pressure Check
327,342,13,2026-10-07,14:00,Fever
328,355,6,2026-07-31,12:00,Cough
329,257,7,2026-12-26,11:00,Cough
330,395,11,2026-08-29,09:00,Skin Problem
331,19,8,2026-02-23,10:00,Routine Checkup
332,173,18,2026-12-09,08:00,Medical Consultation
333,49,4,2026-05-19,12:00,Back Pain
334,400,19,2026-12-16,10:00,Fever
335,79,9,2026-06-17,08:00,Cough
336,446,16,2026-06-28,09:00,Headache
337,336,19,2026-12-13,12:00,Stomach Pain
338,122,13,2026-04-26,12:00,Blood Pressure Check
339,156,8,2026-07-05,12:00,Headache
340,288,6,2026-06-30,08:00,Cough
341,137,12,2026-09-09,16:00,Diabetes Check
342,70,4,2026-01-22,12:00,Back Pain
343,159,15,2026-01-09,10:00,Skin Problem
344,547,10,2026-08-23,15:00,Cough
345,468,1,2026-11-08,14:00,Fever
346,190,1,2026-09-08,10:00,Fever
347,212,19,2026-08-08,15:00,Routine Checkup
348,431,4,2026-07-09,09:00,Back Pain
349,523,3,2026-05-08,12:00,General Examination
350,446,1,2026-02-21,15:00,General Examination
351,43,17,2026-08-23,09:00,Follow-up
352,527,14,2026-11-23,09:00,Malaria Symptoms
353,256,14,2026-08-24,10:00,Headache
354,73,8,2026-05-22,14:00,Skin Problem
355,44,6,2026-07-04,10:00,Skin Problem
356,74,13,2026-03-21,12:00,Follow-up
357,205,4,2026-03-12,09:00,Blood Pressure Check
358,262,1,2026-11-15,09:00,Diabetes Check
359,376,9,2026-09-06,16:00,Headache
360,489,18,2026-02-13,11:00,Cough
361,7,6,2026-06-14,14:00,Medical Consultation
362,395,5,2026-11-17,09:00,Cough
363,333,2,2026-05-03,14:00,Skin Problem
364,46,12,2026-10-11,09:00,Diabetes Check
365,224,18,2026-06-06,10:00,Malaria Symptoms
366,324,9,2026-11-13,15:00,Medical Consultation
367,432,14,2026-11-25,11:00,Cough
368,243,2,2026-09-12,08:00,Malaria Symptoms
369,360,4,2026-01-25,12:00,Blood Pressure Check
370,181,20,2026-09-30,09:00,Malaria Symptoms
371,503,15,2026-11-27,14:00,Routine Checkup
372,549,1,2026-08-11,11:00,Cough
373,226,5,2026-05-23,11:00,Medical Consultation
374,64,5,2026-03-02,16:00,Headache
375,481,1,2026-10-31,15:00,Medical Consultation
376,537,15,2026-08-31,08:00,Routine Checkup
377,334,13,2026-02-17,16:00,General Examination
378,91,14,2026-05-17,15:00,Routine Checkup
379,338,9,2026-03-29,10:00,Skin Problem
380,476,7,2026-05-01,12:00,General Examination
381,404,3,2026-06-05,12:00,Skin Problem
382,386,4,2026-06-27,14:00,Routine Checkup
383,503,10,2026-02-04,08:00,General Examination
384,465,20,2026-06-02,14:00,Diabetes Check
385,388,20,2026-01-24,14:00,General Examination
386,411,16,2026-09-24,08:00,Diabetes Check
387,231,19,2026-06-28,09:00,Blood Pressure Check
388,475,7,2026-11-13,14:00,Stomach Pain
389,2,16,2026-02-03,09:00,Malaria Symptoms
390,209,10,2026-07-30,14:00,Diabetes Check
391,524,3,2026-07-15,12:00,Back Pain
392,412,19,2026-06-09,08:00,Skin Problem
393,66,16,2026-10-24,09:00,Medical Consultation
394,389,18,2026-11-19,08:00,Skin Problem
395,147,14,2026-07-23,16:00,Fever
396,211,9,2026-12-01,12:00,Stomach Pain
397,410,10,2026-02-05,09:00,Skin Problem
398,71,2,2026-09-01,14:00,Malaria Symptoms
399,286,6,2026-07-20,11:00,Medical Consultation
400,167,6,2026-11-10,08:00,Blood Pressure Check
401,330,11,2026-07-06,12:00,Skin Problem
402,217,8,2026-02-01,15:00,Fever
403,96,10,2026-06-15,09:00,Back Pain
404,114,19,2026-06-21,11:00,General Examination
405,92,4,2026-01-19,14:00,Routine Checkup
406,210,10,2026-11-13,10:00,General Examination
407,221,7,2026-02-03,15:00,Stomach Pain
408,404,6,2026-09-19,15:00,Cough
409,229,8,2026-12-04,12:00,Skin Problem
410,545,11,2026-09-02,12:00,Malaria Symptoms
411,94,14,2026-07-03,14:00,Malaria Symptoms
412,182,4,2026-07-09,14:00,Cough
413,434,9,2026-03-29,10:00,Cough
414,536,19,2026-06-12,12:00,Medical Consultation
415,17,1,2026-01-20,09:00,Back Pain
416,5,4,2026-02-20,12:00,Diabetes Check
417,246,18,2026-02-02,12:00,Stomach Pain
418,194,3,2026-10-11,08:00,Back Pain
419,271,19,2026-12-28,08:00,Fever
420,30,10,2026-02-11,11:00,Back Pain
421,303,13,2026-10-15,14:00,Back Pain
422,452,2,2026-07-29,14:00,Blood Pressure Check
423,119,20,2026-04-16,09:00,Follow-up
424,419,5,2026-11-20,16:00,Headache
425,517,18,2026-07-16,09:00,Diabetes Check
426,433,18,2026-10-22,10:00,General Examination
427,350,19,2026-12-29,12:00,Stomach Pain
428,114,1,2026-03-25,15:00,Stomach Pain
429,435,2,2026-05-25,09:00,Fever
430,172,19,2026-09-15,15:00,Routine Checkup
431,157,18,2026-03-02,16:00,Diabetes Check
432,193,2,2026-04-05,11:00,Routine Checkup
433,542,15,2026-09-04,15:00,Blood Pressure Check
434,78,12,2026-02-17,15:00,Back Pain
435,89,9,2026-08-10,16:00,Malaria Symptoms
436,47,7,2026-12-03,11:00,Stomach Pain
437,472,2,2026-09-07,14:00,Diabetes Check
438,278,2,2026-10-03,10:00,Headache
439,199,12,2026-03-27,12:00,Cough
440,246,7,2026-04-09,08:00,Blood Pressure Check
441,74,5,2026-03-07,11:00,Back Pain
442,225,17,2026-04-12,14:00,Headache
443,485,3,2026-07-13,12:00,Malaria Symptoms
444,497,16,2026-09-01,12:00,Cough
445,12,20,2026-05-08,09:00,Skin Problem
446,291,16,2026-04-20,10:00,Cough
447,84,6,2026-04-09,14:00,Follow-up
448,172,5,2026-10-09,15:00,Diabetes Check
449,537,13,2026-03-14,08:00,General Examination
450,89,12,2026-04-11,15:00,Skin Problem
451,185,4,2026-09-13,08:00,Back Pain
452,546,10,2026-09-30,09:00,Diabetes Check
453,470,7,2026-03-18,09:00,Malaria Symptoms
454,405,19,2026-08-04,12:00,Stomach Pain
455,282,7,2026-03-07,14:00,Medical Consultation
456,170,18,2026-10-02,09:00,Blood Pressure Check
457,372,17,2026-08-30,09:00,Medical Consultation
458,197,17,2026-10-07,08:00,Stomach Pain
459,103,14,2026-05-13,16:00,Malaria Symptoms
460,76,2,2026-10-10,11:00,Cough
461,175,6,2026-07-31,10:00,Stomach Pain
462,520,10,2026-04-02,11:00,Blood Pressure Check
463,472,19,2026-01-26,10:00,Cough
464,73,5,2026-05-24,11:00,Headache
465,312,17,2026-08-15,16:00,Malaria Symptoms
466,30,1,2026-11-27,14:00,Medical Consultation
467,100,15,2026-06-01,15:00,Blood Pressure Check
468,480,14,2026-12-05,11:00,Medical Consultation
469,206,8,2026-03-01,16:00,Skin Problem
470,547,13,2026-05-19,08:00,Stomach Pain
471,232,10,2026-08-06,10:00,Stomach Pain
472,173,14,2026-10-05,09:00,Skin Problem
473,178,6,2026-08-24,16:00,Blood Pressure Check
474,139,17,2026-04-27,15:00,Malaria Symptoms
475,426,20,2026-10-21,15:00,Back Pain
476,471,13,2026-08-14,15:00,Medical Consultation
477,312,4,2026-06-01,15:00,Cough
478,521,11,2026-10-31,16:00,Headache
479,441,2,2026-10-05,14:00,Back Pain
480,88,7,2026-11-26,16:00,Headache
481,421,3,2026-06-21,14:00,Back Pain
482,428,15,2026-01-21,09:00,Skin Problem
483,40,7,2026-10-07,12:00,Skin Problem
484,434,4,2026-10-26,16:00,Diabetes Check
485,383,17,2026-02-09,16:00,Routine Checkup
486,311,10,2026-12-01,10:00,Blood Pressure Check
487,220,14,2026-06-01,11:00,Malaria Symptoms
488,227,18,2026-08-29,14:00,General Examination
489,497,11,2026-12-01,11:00,Malaria Symptoms
490,76,8,2026-10-28,11:00,Follow-up
491,194,1,2026-12-09,08:00,Headache
492,322,6,2026-09-09,16:00,Fever
493,254,2,2026-01-22,11:00,Routine Checkup
494,130,3,2026-07-01,09:00,Skin Problem
495,169,19,2026-10-13,12:00,General Examination
496,452,14,2026-03-09,14:00,Cough
497,526,12,2026-06-03,12:00,Routine Checkup
498,126,11,2026-04-19,16:00,Blood Pressure Check
499,283,12,2026-03-27,10:00,Medical Consultation
500,503,4,2026-08-11,10:00,Blood Pressure Check
501,380,10,2026-09-20,15:00,Diabetes Check
502,431,20,2026-09-19,15:00,General Examination
503,447,11,2026-02-19,14:00,Headache
504,16,12,2026-03-23,10:00,Back Pain
505,241,3,2026-06-27,10:00,General Examination
506,537,10,2026-05-06,11:00,Stomach Pain
507,520,4,2026-11-14,10:00,Cough
508,20,10,2026-06-14,08:00,Headache
509,480,7,2026-11-11,10:00,Malaria Symptoms
510,511,9,2026-04-20,11:00,Routine Checkup
511,281,5,2026-07-03,16:00,Headache
512,166,5,2026-11-26,12:00,Diabetes Check
513,189,19,2026-01-21,09:00,Malaria Symptoms
514,170,1,2026-05-22,10:00,Malaria Symptoms
515,182,5,2026-06-26,12:00,Follow-up
516,510,7,2026-09-13,11:00,Skin Problem
517,17,16,2026-09-09,12:00,Stomach Pain
518,466,8,2026-05-30,09:00,Blood Pressure Check
519,267,8,2026-07-11,15:00,Blood Pressure Check
520,429,13,2026-07-19,11:00,Medical Consultation
521,359,12,2026-11-08,09:00,Cough
522,21,13,2026-09-08,09:00,Malaria Symptoms
523,507,10,2026-01-31,14:00,Stomach Pain
524,403,9,2026-10-16,15:00,Routine Checkup
525,475,8,2026-04-10,15:00,Follow-up
526,488,19,2026-08-09,12:00,Cough
527,409,12,2026-06-21,16:00,Routine Checkup
528,537,11,2026-07-16,16:00,Routine Checkup
529,144,16,2026-05-08,12:00,Malaria Symptoms
530,503,19,2026-01-23,10:00,Routine Checkup
531,429,9,2026-09-14,08:00,Blood Pressure Check
532,545,10,2026-08-18,10:00,Fever
533,296,2,2026-06-09,16:00,Routine Checkup
534,290,10,2026-11-11,10:00,Follow-up
535,154,11,2026-03-18,14:00,Routine Checkup
536,6,7,2026-02-25,16:00,Skin Problem
537,218,20,2026-02-26,09:00,Routine Checkup
538,213,2,2026-09-13,09:00,Cough
539,99,7,2026-08-29,09:00,Fever
540,50,14,2026-04-17,15:00,Fever
541,318,9,2026-12-01,10:00,Fever
542,236,4,2026-11-12,11:00,Headache
543,164,6,2026-10-25,14:00,Stomach Pain
544,143,6,2026-06-05,09:00,General Examination
545,384,19,2026-03-30,09:00,Medical Consultation
546,511,9,2026-06-22,15:00,Medical Consultation
547,217,4,2026-04-19,12:00,Stomach Pain
548,244,14,2026-08-02,09:00,Headache
549,497,9,2026-09-10,09:00,Stomach Pain
550,275,20,2026-03-07,15:00,Follow-up
